<?xml version="1.0" encoding="UTF-8"?>
<project-private xmlns="http://www.netbeans.org/ns/project-private/1">
    <editor-bookmarks xmlns="http://www.netbeans.org/ns/editor-bookmarks/2" lastBookmarkId="0"/>
    <open-files xmlns="http://www.netbeans.org/ns/projectui-open-files/2">
        <group>
            <file>file:/C:/wamp/www/hospital_management_system/application/views/header.php</file>
            <file>file:/C:/wamp/www/hospital_management_system/application/views/edit_profile.php</file>
            <file>file:/C:/wamp/www/hospital_management_system/application/views/footer.php</file>
            <file>file:/C:/wamp/www/hospital_management_system/application/controllers/user.php</file>
            <file>file:/C:/wamp/www/hospital_management_system/application/models/login_model.php</file>
        </group>
    </open-files>
</project-private>
